{
  "filmes": [
    {
      "id": 1754852644504,
      "titulo": "Zumbilandia",
      "genero": "Comédia",
      "descricao": "sobrevivencia em um apocalipse zumbi com uma pitada de atrapalhadas",
      "imagem": "https://br.web.img3.acsta.net/r_1280_720/medias/nmedia/18/90/21/81/20086182.jpg",
      "gostei": 1,
      "naogostei": 0
    },
    {
      "id": 1754852756383,
      "titulo": "Rick e Morty",
      "genero": "Comédia/Ficção cientifica",
      "descricao": "um cientista e seu neto vivem aventuras no espaço",
      "imagem": "https://wallpapers.com/images/hd/rick-and-morty-1920x1080-b8pzxot6hf2r53xq.jpg",
      "gostei": 0,
      "naogostei": 0
    },
    {
      "id": 1754852862667,
      "titulo": "Falcão Negro em Perigo",
      "genero": "Ação",
      "descricao": "Uma missão que era para ser \"rápida\" ",
      "imagem": "https://occ-0-1547-1740.1.nflxso.net/dnm/api/v6/X194eJsgWBDE2aQbaNdmCXGUP-Y/AAAABRBpDpi7B-e0_on2DejsNP1aw-dfFCzEDkmfS2DBegRS5bvbhOPwv_ZOE8w5pGQQDhqW1RVsFKKCc9QVmoTgdMX4Rmzw93L43j4Z.jpg?r=a69",
      "gostei": 1,
      "naogostei": 0
    },
    {
      "id": 1754852930175,
      "titulo": "Platoon",
      "genero": "Guerra",
      "descricao": "Durante a guerra do Vientam, um jovem privilegiado abre mão de tudo para viver a experiencia da guerra",
      "imagem": "https://th.bing.com/th/id/R.f85178ff238a03ad63a5521b7732ad9e?rik=jJy7oCKkRQC63Q&riu=http%3a%2f%2femanuellevy.com%2fwp-content%2fuploads%2f2014%2f01%2fplatoon_poster.jpg&ehk=FVp7SapW%2bErF%2baUig2eDIT29pSyIYpupGrEYhaahUUs%3d&risl=&pid=ImgRaw&r=0",
      "gostei": 0,
      "naogostei": 0
    },
    {
      "id": 1754853021026,
      "titulo": "O Pai que Move Montanhas",
      "genero": "Drama",
      "descricao": "Um jovem casal é considerado oficialmente perdido nas montanhas de gelo, o que o pai sera capaz de fazer para rever seu filho?",
      "imagem": "https://tse2.mm.bing.net/th/id/OIP.R5hGC388NjAAnWVjOETBGgAAAA?rs=1&pid=ImgDetMain&o=7&rm=3",
      "gostei": 0,
      "naogostei": 0
    },
    {
      "id": 1754854196986,
      "titulo": "O Dia que a Terra Parou",
      "genero": "Ficção Cientifica",
      "descricao": "A terra sofre uma invasão alienigena, o que sera que eles querem?",
      "imagem": "https://play-lh.googleusercontent.com/DG2Gu5EENY0jOkI6i3eGUKRSVcrczj6QJuZ2ow4km9wil2UVUdwvGVXrYS1kDRgA2Efb",
      "gostei": 0,
      "naogostei": 0
    },
    {
      "id": 1754854888960,
      "titulo": "The 100",
      "genero": "Ficção Científica ",
      "descricao": "Após a morte do planeta terra, a humanidade vive a anos em uma estação espacial, e envia 100 pessoas para descobrir se a terra ja é habitável ",
      "imagem": "https://tse3.mm.bing.net/th/id/OIP.7TrjXBbhoxxg7SDBtw8sawHaLH?rs=1&pid=ImgDetMain&o=7&rm=3",
      "gostei": 0,
      "naogostei": 0
    }
  ],
  "votos": [
    {
      "ip": "::1",
      "filmeId": "1754852644504"
    },
    {
      "ip": "::1",
      "filmeId": "1754852862667"
    }
  ]
}